年份,项目编号,基地名称(申办单位),基地负责人,联系电话,项目名称,项目负责人,联系电话,举办期限起止日期,举办地点,授予学员学分,教学对象,拟招生人数,备注
2010,J13-10-18 (国),中国医学科学院肿瘤医院,孙燕,010-87787409,全国肿瘤登记技术培训,赵平,010-87788656,"2010-04-10-2010-04-12
		3.0天",北京,6分,相关专业的继续教育对象,60,
2010,J13-10-35 (国),中国医学科学院肿瘤医院,孙燕,010-87787409,肿瘤登记年会,赵平,010-87788656,"2010-07-05-2010-07-07
		3.0天",北京,6分,相关专业的继续教育对象,80,
2010,J51-10-01 (国),中国疾病预防控制中心（传染病预防控制）,王宇,010-67779152,Epi Info流行病学统计分析软件应用培训班,陶庄,010-58900421,"2010-08-24-2010-08-30
		7.0天",江西省南昌市,10分,相关专业的继续教育对象,40,
2010,J51-10-02 (国),中国疾病预防控制中心（传染病预防控制）,王宇,010-67779152,美沙酮维持治专业人员培训,吴尊友,010-63165758,"2010-06-01-2010-06-10
		10.0天/期
		
		
查看多期举办时间地点",云南省昆明市（国家级美沙酮维持治疗培训中心）,10分/期,相关专业的继续教育对象,100/期,
2010,J51-10-03 (国),中国疾病预防控制中心（传染病预防控制）,王宇,010-67779152,第三届媒介生物可持续控制国际论坛,刘起勇,010-61731296,"2010-10-28-2010-11-01
		5.0天",浙江杭州,10分,相关专业的继续教育对象,150,
2010,J51-10-06 (国),中国疾病预防控制中心（传染病预防控制）,王宇,010-67779152,基层专业人员寄生虫病理论和防治技术培训班,周晓农,021-64377008,"2010-06-06-2010-06-09
		3.5天",上海,7分,相关专业的继续教育对象,40,
2010,J51-10-07 (国),中国疾病预防控制中心（传染病预防控制）,王宇,010-67779152,寄生虫病防治信息管理系统启动培训班,周晓农,021-64277008,"2010-04-06-2010-04-09
		3.5天",上海,7分,相关专业的继续教育对象,45,
2010,J51-10-09 (国),中国疾病预防控制中心（传染病预防控制）,王宇,010-67779152,流行病学应用与实践系列培训,阚坚力,010-58900524,"2010-05-11-2010-05-14
		4.0天",山西省太原市,8分,相关专业的继续教育对象,50,
2010,J51-10-10 (国),中国疾病预防控制中心（传染病预防控制）,王宇,010-67779152,现场流行病学与疾病预防控制技能更新培训班,曾光,63033030,"2010-11-09-2010-11-12
		4.0天",长沙,8分,相关专业的继续教育对象,150,
2010,J51-10-11 (国),中国疾病预防控制中心（传染病预防控制）,王宇,010-67779152,全国疾控系统病原微生物运输培训班,武桂珍,58900338,"2010-04-13-2010-04-16
		4.0天/期
		
		
查看多期举办时间地点",北京,8分/期,相关专业的继续教育对象,80/期,
2010,J51-10-12 (国),中国疾病预防控制中心（传染病预防控制）,王宇,010-67779152,全国病原微生物实验室生物安全培训班,武桂珍,58900338,"2010-07-20-2010-07-23
		4.0天",北京,8分,相关专业的继续教育对象,85,
2010,J51-10-13 (国),中国疾病预防控制中心（传染病预防控制）,王宇,010-63550268,病毒性出血热检测与监测培训,李德新,010-63554910,"2010-08-09-2010-08-12
		4.0天",西安,8分,相关专业的继续教育对象,60,
2010,J51-10-15 (国),中国疾病预防控制中心（传染病预防控制）,王宇,010-67779152,哨点医院流感监测培训班,舒跃龙,010-63577499、58900850,"2010-07-20-2010-07-21
		2.0天",南京,4分,相关专业的继续教育对象,600,
2011,J13-11-25 (国),中国医学科学院肿瘤医院,孙燕,010-87788817,全国肿瘤登记学术年会,赵平,87788656,"2011-04-18-2011-04-20
		3.0天",北京,6分,相关专业的继续教育对象,80,
2011,J13-11-26 (国),中国医学科学院肿瘤医院,孙燕,010-87788817,全国肿瘤预防与控制实践培训班,乔友林,87788489,"2011-06-14-2011-06-19
		6.0天",北京,10分,相关专业的继续教育对象,68,
2011,J13-11-30 (国),中国医学科学院肿瘤医院,孙燕,010-87788817,全国肿瘤登记技术培训班,赵平,87788656,"2011-09-12-2011-09-14
		3.0天",北京,6分,相关专业的继续教育对象,100,
2011,J51-11-01 (国),中国疾病预防控制中心（传染病预防控制）,王宇,010-5890319,美沙酮维持治专业人员培训,吴尊友,010-58900951,"2011-06-13-2011-06-24
		12.0天/期
		
		
查看多期举办时间地点",云南昆明市,10分/期,相关专业的继续教育对象,40/期,
2011,J51-11-02 (国),中国疾病预防控制中心（传染病预防控制）,王宇,010-67779152,现场流行病学与疾病预防控制知识更新培训班,曾光,63033030,"2011-11-15-2011-11-18
		4.0天",江苏苏州市,8分,相关专业的继续教育对象,200,
2011,J51-11-03 (国),中国疾病预防控制中心（传染病预防控制）,王宇,010-67779152,全国艾滋病信息通讯员培训,吕繁,"5,890,094,158,900,940","2011-07-20-2011-07-22
		3.0天",山东,6分,相关专业的继续教育对象,100,
2011,J51-11-04 (国),中国疾病预防控制中心（传染病预防控制）,王宇,010-67779152,全国艾滋病哨点监测实施方案培训班,王璐,010-58900958,"2011-03-23-2011-03-25
		3.0天/期
		
		
查看多期举办时间地点",广东广州市,6分/期,相关专业的继续教育对象,150/期,
2011,J51-11-05 (国),中国疾病预防控制中心（传染病预防控制）,王宇,010-67779152,艾滋病疫情网络直报工作培训班,王璐,010-58900958,"2011-08-10-2011-08-12
		3.0天/期
		
		
查看多期举办时间地点",江苏南京市,6分/期,相关专业的继续教育对象,100/期,
2011,J51-11-06 (国),中国疾病预防控制中心（传染病预防控制）,王宇,010-67779152,全国疾控系统病原微生物运输培训班,武桂珍,58900338,"2011-04-12-2011-04-15
		4.0天/期
		
		
查看多期举办时间地点",北京,8分/期,相关专业的继续教育对象,100/期,
2011,J51-11-07 (国),中国疾病预防控制中心（传染病预防控制）,王宇,010-67779152,全国病原微生物实验室生物安全培训班,武桂珍,58900338,"2011-08-16-2011-08-19
		4.0天",北京,8分,相关专业的继续教育对象,85,
2011,J51-11-08 (国),中国疾病预防控制中心（传染病预防控制）,王宇,010-67779152,流行病学应用与实践系列培训,阚坚力,010-58900525,"2011-05-10-2011-05-13
		4.0天",贵州贵阳市,8分,相关专业的继续教育对象,60,
2011,J51-11-09 (国),中国疾病预防控制中心（传染病预防控制）,王宇,010-67779152,西藏林芝地区旋毛虫病诊治技术培训班,陈颖丹,021-64739075,"2011-07-10-2011-07-13
		4.0天",西藏林芝,8分,相关专业的继续教育对象,30,
2011,J51-11-10 (国),中国疾病预防控制中心（传染病预防控制）,王宇,010-67779152,全国病媒生物监测网络系统使用及重要病媒生物分类技术培训,刘起勇,010-58900738,"2011-04-07-2011-04-11
		5.0天",北京,10分,相关专业的继续教育对象,120,
2011,J51-11-11 (国),中国疾病预防控制中心（传染病预防控制）,王宇,010-67779152,重要病媒生物抗药性监测技术培训班,刘起勇,010-58900741,"2011-05-05-2011-05-10
		6.0天",北京,10分,相关专业的继续教育对象,60,
2011,J51-11-12 (国),中国疾病预防控制中心（传染病预防控制）,王宇,010-67779152,全国布鲁氏菌病检测技术培训班,崔步云,010-58900768 13121738853,"2011-03-24-2011-03-31
		8.0天",北京,10分,相关专业的继续教育对象,60,
2012,J13-12-02 (国),中国医学科学院肿瘤医院,孙燕,010-87788817,中国护士远程戒烟课程学习班,邹小农,010-87788817,"2012-04-01-2012-04-02
		2.0天",北京,4分,相关专业的继续教育对象,200,
2012,J13-12-03 (国),中国医学科学院肿瘤医院,孙燕,010-87788817,全国肿瘤预防与控制实践培训班,乔友林,87788489,"2012-04-20-2012-04-24
		5.0天/期
		
		
查看多期举办时间地点",北京,10分/期,相关专业的继续教育对象,50/期,
2012,J13-12-08 (国),中国医学科学院肿瘤医院,孙燕,010-87788817,肿瘤登记年会,陈万青,87787039,"2012-10-23-2012-10-25
		3.0天",北京,6分,相关专业的继续教育对象,150,
2012,J13-12-09 (国),中国医学科学院肿瘤医院,孙燕,010-87788817,全国肿瘤登记技术方法及编码培训班,陈万青,87787039,"2012-04-01-2012-04-03
		3.0天",北京,6分,相关专业的继续教育对象,80,
2012,J14-12-19 (国),中国医学科学院阜外心血管病医院心内科,杨跃进,010-88398080,临床试验方法与应用,李卫,010-88398106,"2012-04-14-2012-04-15
		2.0天/期
		
		
查看多期举办时间地点",广东深圳市,4分/期,相关专业的继续教育对象,50/期,
2012,J51-12-01 (国),中国疾病预防控制中心（传染病预防控制）,王宇,010-67779152,美沙酮维持治疗专业人员培训班,吴尊友,010-5890001,"2012-05-15-2012-05-24
		10.0天/期
		
		
查看多期举办时间地点",云南昆明市,10分/期,相关专业的继续教育对象,50/期,
2012,J51-12-02 (国),中国疾病预防控制中心（传染病预防控制）,王宇,010-67779152,美沙酮门诊干预技能及丙肝防治知识培训班,吴尊友,010-58900001,"2012-03-14-2012-03-16
		3.0天/期
		
		
查看多期举办时间地点",四川,6分/期,相关专业的继续教育对象,60/期,
2012,J51-12-03 (国),中国疾病预防控制中心（传染病预防控制）,王宇,010-67779152,全国病原微生物实验室生物安全培训班,武桂珍,58900338,"2012-06-19-2012-06-22
		4.0天",北京,8分,相关专业的继续教育对象,120,
2012,J51-12-04 (国),中国疾病预防控制中心（传染病预防控制）,王宇,010-67779152,全国疾控系统病源微生物运输培训班,武桂珍,010-58900338,"2012-04-16-2012-04-19
		4.0天/期
		
		
查看多期举办时间地点",北京,8分/期,相关专业的继续教育对象,100/期,
2012,J51-12-05 (国),中国疾病预防控制中心（传染病预防控制）,王宇,010-67779152,贝类、淡水螺类和鱼类所致的寄生虫病诊断技术培训班,陈家旭,13818574462,"2012-08-18-2012-08-20
		3.0天",云南,6分,相关专业的继续教育对象,40,
2012,J51-12-06 (国),中国疾病预防控制中心（传染病预防控制）,王宇,010-67779152,现场流行病学与疾病预防控制知识更新培训班,曾光,63033030,"2012-11-13-2012-11-16
		4.0天",福建厦门市,8分,相关专业的继续教育对象,200,
2012,J51-12-07 (国),中国疾病预防控制中心（传染病预防控制）,王宇,010-58900188,2012年全国手足口病监测实验室网络研讨会,许文波,010-58900187,"2012-09-03-2012-09-07
		5.0天",北京,10分,相关专业的继续教育对象,50,
2012,J51-12-08 (国),中国疾病预防控制中心（传染病预防控制）,王宇,010-67779152,全国乙脑监测和实验室检测培训班,李艺星,010-83159521,"2012-06-26-2012-06-28
		3.0天",甘肃兰州市,6分,相关专业的继续教育对象,75,
2012,J51-12-09 (国),中国疾病预防控制中心（传染病预防控制）,王宇,010-67779152,全国流脑监测和实验室检测培训班,李艺星,010-83159521,"2012-07-25-2012-07-27
		3.0天",河南郑州市,6分,相关专业的继续教育对象,80,
2012,J51-12-10 (国),中国疾病预防控制中心（传染病预防控制）,王宇,010-58900418,重大突发公共卫生事件应对处置信息支撑技术培训班,马家奇,58900418,"2012-04-15-2012-04-24
		9.5天",广东深圳市,10分,相关专业的继续教育对象,50,
2012,J51-12-11 (国),中国疾病预防控制中心（传染病预防控制）,王宇,010-67779152,流行病学应用与实践系列培训,阚坚力,010-58900522,"2012-05-15-2012-05-18
		4.0天",广东深圳市,8分,相关专业的继续教育对象,60,
2012,J51-12-13 (国),中国疾病预防控制中心（传染病预防控制）,王宇,010-67779152,全国土源性线虫病监测数据利用培训班,陈颖丹,2164739075,"2012-06-18-2012-06-19
		2.0天",吉林长春市,4分,相关专业的继续教育对象,60,
2012,J51-12-14 (国),中国疾病预防控制中心（传染病预防控制）,王宇,010-67779152,广州管圆线虫病监测与诊断标准研讨班,张仪,021-64377008,"2012-04-11-2012-04-14
		4.0天",广东,8分,相关专业的继续教育对象,30,
2012,J51-12-15 (国),中国疾病预防控制中心（传染病预防控制）,王宇,010-67779152,基于云技术数据中心的疾控信息网络技术和应用管理培训班,马家奇,010-58900422,"2012-03-06-2012-03-25
		20.0天",北京,10分,相关专业的继续教育对象,44,
2012,J51-12-16 (国),中国疾病预防控制中心（传染病预防控制）,王宇,010-67779152,第四届媒介生物可持续控制国际论坛,刘起勇,010-58900735,"2012-11-25-2012-11-29
		5.0天",广东深圳市,10分,相关专业的继续教育对象,150,
2012,J51-12-17 (国),中国疾病预防控制中心（传染病预防控制）,王宇,010-67779152,中国公共卫生信息技术交流,刘冬云,1058900418,"2012-04-10-2012-04-13
		4.0天/期
		
		
查看多期举办时间地点",广东广州市,8分/期,相关专业的继续教育对象,400/期,
2013,J13-13-05 (国),中国医学科学院肿瘤医院,孙燕,010-87788817,全国肿瘤预防与控制实践培训班,乔友林,87788489,"2013-06-14-2013-06-18
		5.0天",北京,10分,相关专业的继续教育对象,30,
2013,J13-13-08 (国),中国医学科学院肿瘤医院,孙燕,010-87788817,全国肿瘤登记技术与方法省级师资高级培训班,陈万青,87787039,"2013-04-15-2013-04-17
		3.0天",北京,6分,相关专业的继续教育对象,120,
2013,J13-13-20 (国),中国医学科学院肿瘤医院,孙燕,010-87788817,肿瘤登记及流行病学培训班,陈万青,87787039,"2013-10-23-2013-10-25
		3.0天",北京,6分,相关专业的继续教育对象,150,
2013,J13-13-21 (国),中国医学科学院肿瘤医院,孙燕,010-87788817,肿瘤防治与控烟干预培训班,邹小农,87788656,"2013-10-26-2013-10-28
		3.0天",北京,6分,相关专业的继续教育对象,30,
2013,J51-13-01 (国),中国疾病预防控制中心（传染病预防控制）,王宇,010-67779152,全国疾控系统病原微生物运输培训班,王子军,58900338,"2013-04-08-2013-04-11
		4.0天/期
		
		
查看多期举办时间地点",北京,8分/期,相关专业的继续教育对象,100/期,
2013,J51-13-02 (国),中国疾病预防控制中心（传染病预防控制）,王宇,010-67779152,全国病原微生物实验室生物安全培训班,王子军,58900338,"2013-08-12-2013-08-15
		4.0天",北京,8分,相关专业的继续教育对象,85,
2013,J51-13-03 (国),中国疾病预防控制中心（传染病预防控制）,王宇,010-67779152,全国乙脑监测和实验室检测培训班,李艺星,010-83159521,"2013-06-26-2013-06-28
		3.0天",山东济南市,6分,相关专业的继续教育对象,75,
2013,J51-13-04 (国),中国疾病预防控制中心（传染病预防控制）,王宇,010-67779152,疫苗可预防细菌性疾病防控和实验室检测培训班,李艺星,010-83159521,"2013-08-25-2013-08-27
		3.0天",陕西西安市,6分,相关专业的继续教育对象,80,
2013,J51-13-05 (国),中国疾病预防控制中心（传染病预防控制）,王宇,010-67779152,2013年全国AFP监测工作培训班,温宁,010-63027946-2,"2013-06-11-2013-06-15
		5.0天",安徽合肥市,10分,相关专业的继续教育对象,75,
2013,J51-13-06 (国),中国疾病预防控制中心（传染病预防控制）,王宇,010-58900301,美沙酮门诊专业人员培训,吴尊友,010-58900901,"2013-06-03-2013-06-16
		13.5天/期
		
		
查看多期举办时间地点",云南昆明市,10分/期,相关专业的继续教育对象,40/期,
2013,J51-13-07 (国),中国疾病预防控制中心（传染病预防控制）,王宇,010-58900301,美沙酮门诊工作人员干预技能及丙肝防治培训,吴尊友,010-58900901,"2013-04-10-2013-04-12
		3.0天/期
		
		
查看多期举办时间地点",福建福州市,6分/期,相关专业的继续教育对象,60/期,
2013,J51-13-08 (国),中国疾病预防控制中心（传染病预防控制）,王宇,010-67779152,公共卫生与现场流行病学的最新知识培训班,曾光,63033030,"2013-04-23-2013-04-26
		4.0天",河南洛阳市,8分,相关专业的继续教育对象,200,
2013,J51-13-09 (国),中国疾病预防控制中心（传染病预防控制）,王宇,010-67779152,新发人兽共患寄生虫病诊断培训班,陈家旭,021-54561095,"2013-08-17-2013-08-20
		3.5天",陕西西安市,7分,相关专业的继续教育对象,40,
2013,J51-13-10 (国),中国疾病预防控制中心（传染病预防控制）,王宇,010-67779152,全国病媒生物分类培训班（蝇类）,刘起勇,58900738,"2013-11-03-2013-11-08
		6.0天",北京,10分,相关专业的继续教育对象,80,
2013,J51-13-11 (国),中国疾病预防控制中心（传染病预防控制）,王宇,010-67779152,第四届全国重要病媒生物抗药性监测技术培训,刘起勇,1058900738,"2013-10-21-2013-10-25
		5.0天",北京,10分,相关专业的继续教育对象,50,
2013,J51-13-12 (国),中国疾病预防控制中心（传染病预防控制）,王宇,010-67779152,全国血吸虫病诊断网络平台运行管理研讨培训班,秦志强,021-54650863,"2013-08-09-2013-08-11
		2.5天",上海,5分,相关专业的继续教育对象,40,
2013,J51-13-13 (国),中国疾病预防控制中心（传染病预防控制）,王宇,010-67779152,全国宫颈癌筛查适宜技术培训班,刘宏图,010-58900888,"2013-11-06-2013-11-08
		3.0天",北京,6分,相关专业的继续教育对象,60,
2013,J51-13-14 (国),中国疾病预防控制中心（传染病预防控制）,王宇,010-67779152,全国血吸虫病监测点技术培训,朱蓉,18621613886,"2013-05-03-2013-05-05
		2.5天",江西上饶市,5分,相关专业的继续教育对象,100,
2013,J51-13-15 (国),中国疾病预防控制中心（传染病预防控制）,王宇,010-67779152,流行病学应用与实践系列培训,么鸿雁,010-58900524,"2013-04-30-2013-05-03
		4.0天",山西太原市,8分,相关专业的继续教育对象,60,
2013,J51-13-16 (国),中国疾病预防控制中心（传染病预防控制）,王宇,010-67779152,广州管圆线虫相关媒介监测培训班,张仪,021-64665048,"2013-04-10-2013-04-12
		3.0天",海南琼海市,6分,相关专业的继续教育对象,40,
2013,J51-13-17 (国),中国疾病预防控制中心（传染病预防控制）,王宇,010-67779152,重要食源性寄生虫病诊断标准和监测培训班,陈颖丹,021-64739075,"2013-09-23-2013-09-25
		3.0天",河南郑州市,6分,相关专业的继续教育对象,50,
2014,J13-14-24 (国),中国医学科学院肿瘤医院,孙燕,010-877878817,全国肿瘤预防与控制实践培训班,乔友林,010-877878817,"2014-06-14-2014-06-17
		4.0天/期
		
		
查看多期举办时间地点",北京,8分/期,相关专业的继续教育对象,30/期,
2014,J13-14-25 (国),中国医学科学院肿瘤医院,孙燕,010-87788817,淮河流域早诊早治技术培训班,陈万青,010-87788817,"2014-07-23-2014-07-25
		3.0天",北京,6分,相关专业的继续教育对象,150,
2014,J13-14-26 (国),中国医学科学院肿瘤医院,孙燕,010-87788817,肿瘤登记年会,陈万青,010-87788817,"2014-10-23-2014-10-25
		3.0天",北京,6分,相关专业的继续教育对象,150,
2014,J13-14-27 (国),中国医学科学院肿瘤医院,孙燕,010-87788817,肿瘤防治与简短戒烟干预培训班,邹小农,010-87788817,"2014-09-10-2014-09-12
		3.0天",北京,6分,相关专业的继续教育对象,30,
2014,J51-14-01 (国),中国疾病预防控制中心（传染病预防控制）,王宇,010-67779152,全国疾控系统病原微生物运输培训班,王子军,010-58900338,"2014-04-02-2014-04-05
		4.0天/期
		
		
查看多期举办时间地点",北京,8分/期,相关专业的继续教育对象,100/期,
2014,J51-14-02 (国),中国疾病预防控制中心（传染病预防控制）,王宇,010-67779152,全国病原微生物实验室生物安全培训班,王子军,010-58900338,"2014-08-01-2014-08-04
		4.0天",北京,8分,相关专业的继续教育对象,120,
2014,J51-14-03 (国),中国疾病预防控制中心（传染病预防控制）,王宇,010-67779152,男男性行为人群艾滋病干预工作能力培训项目,徐杰,010-58900953,"2014-05-13-2014-05-16
		4.0天/期
		
		
查看多期举办时间地点",天津,8分/期,相关专业的继续教育对象,90/期,
2014,J51-14-04 (国),中国疾病预防控制中心（传染病预防控制）,王宇,010-67779152,全国传染病信息报告管理与监测资料综合分析技术培训,马家奇,58900422,"2014-04-15-2014-04-18
		4.0天",江苏苏州市,8分,相关专业的继续教育对象,100,
2014,J51-14-05 (国),中国疾病预防控制中心（传染病预防控制）,王宇,010-67779152,现场流行病学调查与中国公共卫生,曾光,63033030,"2014-10-21-2014-10-24
		4.0天",湖南,8分,相关专业的继续教育对象,200,
2014,J51-14-06 (国),中国疾病预防控制中心（传染病预防控制）,王宇,010-67779152,禽流感病毒血清学检测技术培训班,舒跃龙,1058900850,"2014-05-26-2014-05-29
		4.0天/期
		
		
查看多期举办时间地点",北京,8分/期,相关专业的继续教育对象,30/期,
2014,J51-14-07 (国),中国疾病预防控制中心（传染病预防控制）,王宇,010-67779152,流行病学应用与实践系列培训,么鸿雁,010-58900522,"2014-05-27-2014-05-30
		4.0天",天津,8分,相关专业的继续教育对象,35,
2014,J51-14-08 (国),中国疾病预防控制中心（传染病预防控制）,王宇,010-67779152,美沙酮门诊专业人员培训,吴尊友,010-58900901,"2014-08-01-2014-08-14
		13.5天/期
		
		
查看多期举办时间地点",云南昆明市,10分/期,相关专业的继续教育对象,40/期,
2014,J51-14-09 (国),中国疾病预防控制中心（传染病预防控制）,王宇,010-58900301,美沙酮门诊工作人员综合干预技能培训,吴尊友,010-58900901,"2014-03-10-2014-03-12
		3.0天/期
		
		
查看多期举办时间地点",福建福州市,6分/期,相关专业的继续教育对象,60/期,
2014,J51-14-10 (国),中国疾病预防控制中心（传染病预防控制）,王宇,010-67779152,新发人兽共患寄生虫病诊断培训班（Ⅱ期）,陈家旭,021-54655787,"2014-07-11-2014-07-13
		3.0天/期
		
		
查看多期举办时间地点",福建南平市,6分/期,相关专业的继续教育对象,40/期,
2014,J51-14-11 (国),中国疾病预防控制中心（传染病预防控制）,王宇,010-67779152,血吸虫病传播风险监测应对方法与检测技术培训班,秦志强,021-54650863,"2014-05-10-2014-05-12
		3.0天",安徽贵池市,6分,相关专业的继续教育对象,48,
2014,J51-14-12 (国),中国疾病预防控制中心（传染病预防控制）,王宇,010-67779152,寄生虫镜检技能培训班,陈颖丹,021-64739075,"2014-05-22-2014-05-26
		5.0天",河南郑州市,10分,相关专业的继续教育对象,60,
2014,J51-14-13 (国),中国疾病预防控制中心（传染病预防控制）,王宇,010-67779152,空间流行病学理论与应用培训班,周晓农,021-64738058,"2014-02-11-2014-02-16
		6.0天",上海,10分,相关专业的继续教育对象,30,
2014,J51-14-14 (国),中国疾病预防控制中心（传染病预防控制）,王宇,010-67779152,医学贝类现场调查培训班,张仪,021-64665048,"2014-05-12-2014-05-16
		5.0天",江西南昌市,10分,相关专业的继续教育对象,40,
2014,J51-14-15 (国),中国疾病预防控制中心（传染病预防控制）,王宇,010-67779152,第三次全国人体重要寄生虫病现状调查方案及实施细则培训班,陈颖丹,021-64739075,"2014-04-07-2014-04-09
		3.0天",上海,6分,相关专业的继续教育对象,62,
2014,J51-14-16 (国),中国疾病预防控制中心（传染病预防控制）,王宇,010-58900341,登革热媒介生物监测与管理培训,刘起勇,010-58900738,"2014-05-19-2014-05-23
		5.0天/期
		
		
查看多期举办时间地点",北京,10分/期,相关专业的继续教育对象,30/期,
2014,J51-14-17 (国),中国疾病预防控制中心（传染病预防控制）,王宇,010-58900341,第五届媒介生物可持续控制国际论坛,刘起勇,010-58900738,"2014-11-03-2014-11-06
		4.0天",山东青岛市,8分,相关专业的继续教育对象,150,
2014,J51-14-21 (国),中国疾病预防控制中心（传染病预防控制）,王宇,010-67779152,全国乙脑、流脑、百日咳等疾病监测工作研讨会培训班,李艺星,010-83159521,"2014-05-14-2014-05-15
		2.0天",河南郑州市,4分,相关专业的继续教育对象,85,
2014,J51-14-22 (国),中国疾病预防控制中心（传染病预防控制）,王宇,010-58900301,艾滋病宣传教育与防治信息共享研讨班,王璐,010-58900925,"2014-04-22-2014-04-24
		3.0天",北京,6分,相关专业的继续教育对象,35,
2014,J51-14-23 (国),中国疾病预防控制中心（传染病预防控制）,王宇,010-67779152,艾滋病健康传播与媒体沟通能力建设研讨班,王璐,010-58900925,"2014-05-16-2014-05-17
		2.0天",北京,4分,相关专业的继续教育对象,35,
2015,J1-15-04 (国),北京大学口腔医学院口腔颌面外科,俞光岩,010-62179977-5295,口腔专科医院医院感染预防与控制培训班,张伟,62167128,"2015-06-09-2015-06-11
		3.0天",北京,6分,相关专业的继续教育对象,100,
2015,J13-15-17 (国),中国医学科学院肿瘤医院,孙燕,010-87787409,肿瘤实验室检测研究新进展学习班,齐军,87788448,"2015-07-10-2015-07-12
		3.0天",北京,6分,相关专业的继续教育对象,100,
2015,J13-15-18 (国),中国医学科学院肿瘤医院,孙燕,010-87787409,肿瘤防治与烟草使用干预培训班,邹小农,87788656,"2015-09-10-2015-09-12
		3.0天",北京,6分,相关专业的继续教育对象,30,
2015,J13-15-23 (国),中国医学科学院肿瘤医院,孙燕,010-87787409,肿瘤登记推进会暨技术培训会,陈万青,87787039,"2015-10-23-2015-10-25
		3.0天",北京,6分,相关专业的继续教育对象,150,
2015,J13-15-25 (国),中国医学科学院肿瘤医院,孙燕,010-87787409,淮河流域早诊早治技术培训,陈万青,87787039,"2015-07-23-2015-07-25
		3.0天",北京,6分,相关专业的继续教育对象,150,
2015,J13-15-40 (国),中国医学科学院肿瘤医院,孙燕,010-87787409,全国肿瘤预防与控制实践培训,乔友林,15811140261,"2015-06-14-2015-06-18
		5.0天",北京,10分,相关专业的继续教育对象,30,
2015,J51-15-01 (国),中国疾病预防控制中心（传染病预防控制）,王宇,010-67779152,流感与禽流感监测资料分析利用能力培训,舒跃龙,010-58900850,"2015-07-18-2015-07-19
		2.0天",黑龙江哈尔滨市,4分,相关专业的继续教育对象,200,
2015,J51-15-02 (国),中国疾病预防控制中心（传染病预防控制）,王宇,010-67779152,全国人体重点寄生虫病调查数据录入培训班,陈颖丹,021-64739075,"2015-05-12-2015-05-13
		2.0天",河南郑州市,4分,相关专业的继续教育对象,60,
2015,J51-15-03 (国),中国疾病预防控制中心（传染病预防控制）,王宇,010-58900301,美沙酮门诊专业人员培训,曹晓斌,010-58900950,"2015-08-10-2015-08-19
		10.0天/期
		
		
查看多期举办时间地点",云南昆明市,10分/期,相关专业的继续教育对象,40/期,
2015,J51-15-04 (国),中国疾病预防控制中心（传染病预防控制）,王宇,010-58900301,美沙酮门诊干预技能培训,曹晓斌,010-58900950,"2015-06-16-2015-06-18
		3.0天/期
		
		
查看多期举办时间地点",江苏南京市,6分/期,相关专业的继续教育对象,40/期,
2015,J51-15-05 (国),中国疾病预防控制中心（传染病预防控制）,王宇,010-58900301,美沙酮门诊管理技能培训,曹晓斌,010-58900950,"2015-04-14-2015-04-15
		2.0天/期
		
		
查看多期举办时间地点",江西南昌市,4分/期,相关专业的继续教育对象,40/期,
2015,J51-15-06 (国),中国疾病预防控制中心（传染病预防控制）,王宇,010-67779152,流行病学应用与实践系列培训,么鸿雁,010-58900523,"2015-05-26-2015-05-29
		4.0天/期
		
		
查看多期举办时间地点",陕西西安市,8分/期,相关专业的继续教育对象,30/期,
2015,J51-15-09 (国),中国疾病预防控制中心（传染病预防控制）,王宇,010-67779152,血吸虫病诊断网络平台实验室运行及质量控制培训,许静,021-54650863,"2015-05-18-2015-05-20
		2.5天",浙江宁波市,5分,相关专业的继续教育对象,60,
2015,J51-15-10 (国),中国疾病预防控制中心（传染病预防控制）,王宇,010-67779152,第五届全国重要病媒生物抗药性监测与控制技术培训,刘起勇,1058900738,"2015-04-09-2015-04-13
		5.0天",北京,10分,相关专业的继续教育对象,80,
2015,J51-15-11 (国),中国疾病预防控制中心（传染病预防控制）,王宇,010-67779152,艾滋病宣传教育内容、形式与效果评价研讨班,王璐,010-58900275,"2015-04-22-2015-04-24
		3.0天",北京,6分,相关专业的继续教育对象,35,
2015,J51-15-12 (国),中国疾病预防控制中心（传染病预防控制）,王宇,010-67779152,全国乙脑、流脑、百日咳等疾病监测工作研讨会培训班,李艺星,010-83159521,"2015-06-11-2015-06-12
		2.0天",宁夏银川市,4分,相关专业的继续教育对象,150,
2015,J51-15-13 (国),中国疾病预防控制中心（传染病预防控制）,王宇,010-67779152,全国疾控系统病原微生物运输培训班,王子军,010-58900338,"2015-04-01-2015-04-04
		4.0天/期
		
		
查看多期举办时间地点",北京,8分/期,相关专业的继续教育对象,100/期,
2015,J51-15-14 (国),中国疾病预防控制中心（传染病预防控制）,王宇,010-67779152,全国病原微生物实验室生物安全培训班,王子军,010-58900338,"2015-08-01-2015-08-04
		4.0天",北京,8分,相关专业的继续教育对象,120,
2015,J51-15-15 (国),中国疾病预防控制中心（传染病预防控制）,王宇,010-67779152,艾滋病经性传播干预能力培训,徐杰,010-58900953,"2015-05-19-2015-05-22
		4.0天/期
		
		
查看多期举办时间地点",天津,8分/期,相关专业的继续教育对象,65/期,
2016,J1-16-02 (国),北京大学口腔医学院口腔颌面外科,俞光岩,010-62179977-5295,口腔门诊消毒灭菌人员消毒灭菌知识与实践技能培训,张伟,82195912,"2016-04-07-2016-04-09
		3.0天/期
		
		
查看多期举办时间地点",北京,6分/期,相关专业的继续教育对象,40/期,
2016,J13-16-15 (国),中国医学科学院肿瘤医院,孙燕,010-87787409,全国肿瘤预防与控制实践培训,乔友林,87788489,"2016-06-11-2016-06-15
		5.0天/期
		
		
查看多期举办时间地点",北京,10分/期,相关专业的继续教育对象,300/期,
2016,J13-16-28 (国),中国医学科学院肿瘤医院,孙燕,010-87787409,肿瘤登记技术与方法培训班,陈万青,87787039,"2016-04-26-2016-04-28
		3.0天",北京,6分,相关专业的继续教育对象,150,
2016,J13-16-29 (国),中国医学科学院肿瘤医院,孙燕,010-87787409,肿瘤登记推广会（年会）,陈万青,87787039,"2016-11-15-2016-11-17
		3.0天",北京,6分,相关专业的继续教育对象,150,
2016,J13-16-30 (国),中国医学科学院肿瘤医院,孙燕,010-87787409,淮河流域早诊早治技术培训,陈万青,87787039,"2016-07-23-2016-07-25
		3.0天",北京,6分,相关专业的继续教育对象,150,
2016,J51-16-01 (国),中国疾病预防控制中心（传染病预防控制）,王宇,010-67779152,华支睾吸虫病监测技术培训班,陈颖丹,021-64739075,"2016-07-05-2016-07-06
		2.0天",辽宁沈阳市,4分,相关专业的继续教育对象,62,
2016,J51-16-02 (国),中国疾病预防控制中心（传染病预防控制）,王宇,010-67779152,重要食源性寄生虫病血清学检测技术培训,陈颖丹,021-64739075,"2016-05-24-2016-05-25
		2.0天",山东烟台市,4分,相关专业的继续教育对象,63,
2016,J51-16-03 (国),中国疾病预防控制中心（传染病预防控制）,王宇,010-58900301,美沙酮门诊专业人员培训,曹晓斌,010-58900950,"2016-07-18-2016-07-27
		10.0天/期
		
		
查看多期举办时间地点",云南昆明市,10分/期,相关专业的继续教育对象,50/期,
2016,J51-16-04 (国),中国疾病预防控制中心（传染病预防控制）,王宇,010-58900301,美沙酮门诊干预技能及管理培训,曹晓斌,010-58900950,"2016-04-20-2016-04-22
		3.0天/期
		
		
查看多期举办时间地点",上海,6分/期,相关专业的继续教育对象,50/期,
2016,J51-16-05 (国),中国疾病预防控制中心（传染病预防控制）,王宇,010-67779152,2016年全国狂犬病实验室监测与检测技术培训班,朱武洋,010-58900844,"2016-08-22-2016-08-26
		5.0天",吉林延吉市,10分,相关专业的继续教育对象,45,
2016,J51-16-06 (国),中国疾病预防控制中心（传染病预防控制）,王宇,010-67779152,人禽流感监测技术培训班,舒跃龙,010-58900850,"2016-05-22-2016-05-28
		7.0天/期
		
		
查看多期举办时间地点",北京,10分/期,相关专业的继续教育对象,20/期,
2016,J51-16-07 (国),中国疾病预防控制中心（传染病预防控制）,王宇,010-67779152,流感与禽流感监测资料分析利用能力培训,舒跃龙,010-58900850,"2016-10-10-2016-10-11
		2.0天",山东济南市,4分,相关专业的继续教育对象,200,
2016,J51-16-08 (国),中国疾病预防控制中心（传染病预防控制）,王宇,010-67779152,全国艾滋病病毒感染者和病人综合管理工作培训班,毛宇嵘,010-58900985,"2016-04-21-2016-04-22
		2.0天",北京,4分,相关专业的继续教育对象,70,
2016,J51-16-10 (国),中国疾病预防控制中心（传染病预防控制）,王宇,010-67779152,流行病学应用与实践系列培训,么鸿雁,010-58900523,"2016-04-26-2016-04-29
		4.0天",浙江杭州市,8分,相关专业的继续教育对象,40,
2016,J51-16-11 (国),中国疾病预防控制中心（传染病预防控制）,王宇,010-67779152,全国流脑、百日咳等疫苗可预防细菌性疾病防控和实验室检测培训班,李艺星,010-83159521,"2016-08-25-2016-08-26
		2.0天",湖北武汉市,4分,相关专业的继续教育对象,60,
2016,J51-16-12 (国),中国疾病预防控制中心（传染病预防控制）,王宇,010-67779152,以实验室为基础的细菌性疫苗可预防疾病监测体系建设培训班,李艺星,010-83159521,"2016-04-05-2016-04-06
		2.0天",北京,4分,相关专业的继续教育对象,60,
2016,J51-16-13 (国),中国疾病预防控制中心（传染病预防控制）,王宇,010-67779152,急性脑炎脑膜炎监测和专项调查总结会议,李艺星,010-83159521,"2016-07-26-2016-07-27
		2.0天",湖北宜昌市,4分,相关专业的继续教育对象,60,
2016,J51-16-14 (国),中国疾病预防控制中心（传染病预防控制）,王宇,010-67779152,全国乙脑监测和实验室检测工作培训班,李艺星,010-83159521,"2016-06-26-2016-06-27
		2.0天",福建厦门市,4分,相关专业的继续教育对象,60,
2016,J51-16-16 (国),中国疾病预防控制中心（传染病预防控制）,王宇,010-67779152,第六届媒介生物可持续控制国际论坛,刘起勇,67779152,"2016-11-09-2016-11-12
		4.0天",重庆,8分,相关专业的继续教育对象,150,
2016,J51-16-17 (国),中国疾病预防控制中心（传染病预防控制）,王宇,010-67779152,全国病媒生物控制技术培训班,刘起勇,010-58900738,"2016-04-11-2016-04-15
		5.0天/期
		
		
查看多期举办时间地点",北京,10分/期,相关专业的继续教育对象,60/期,
2016,J51-16-18 (国),中国疾病预防控制中心（传染病预防控制）,王宇,010-67779152,全国病媒生物监测技术培训班,刘起勇,010-58900738,"2016-06-13-2016-06-17
		5.0天/期
		
		
查看多期举办时间地点",北京,10分/期,相关专业的继续教育对象,60/期,
2017,J13-17-12 (国),中国医学科学院肿瘤医院,孙燕,010-87787409,肿瘤登记技术与方法培训班,陈万青,87787309,"2017-04-26-2017-04-28
		3.0天",北京,6分,相关专业的继续教育对象,150,
2017,J13-17-13 (国),中国医学科学院肿瘤医院,孙燕,010-87787409,淮河流域早诊早治技术培训,陈万青,87787039,"2017-07-23-2017-07-25
		3.0天",北京,6分,相关专业的继续教育对象,150,
2017,J13-17-24 (国),中国医学科学院肿瘤医院,孙燕,010-87787409,全国肿瘤预防与控制实践培训,乔友林,87788489,"2017-07-22-2017-07-26
		5.0天/期
		
		
查看多期举办时间地点",四川成都市,10分/期,相关专业的继续教育对象,400/期,
2017,J13-17-25 (国),中国医学科学院肿瘤医院,孙燕,010-87787409,全国子宫颈癌协作组工作会议,乔友林,87788489,"2017-04-22-2017-04-23
		2.0天",北京,4分,相关专业的继续教育对象,200,
2017,J13-17-26 (国),中国医学科学院肿瘤医院,孙燕,010-87787409,中国-东南亚地区肿瘤预防 与控制人才高级培训班（英文）,赵方辉,87788900,"2017-09-15-2017-09-19
		5.0天",四川成都市,10分,相关专业的继续教育对象,50,
2017,J14-17-22 (国),中国医学科学院阜外医院心内科,杨跃进,010-88398080,医疗器械临床试验数据管理高级研讨班,李卫,010-60866513,"2017-07-20-2017-07-21
		2.0天",北京,4分,相关专业的继续教育对象,100,
2017,J14-17-30 (国),中国医学科学院阜外医院心内科,杨跃进,010-88398080,医疗器械临床试验统计学高级研讨班,李卫,010-60866513,"2017-04-12-2017-04-13
		2.0天",吉林通化市,4分,相关专业的继续教育对象,100,
2017,J51-17-01 (国),中国疾病预防控制中心（传染病预防控制）,王宇,010-67779152,全国重点寄生虫病监测数据分析利用培训班,陈颖丹,2164739075,"2017-05-23-2017-05-24
		2.0天",辽宁沈阳市,4分,相关专业的继续教育对象,62,
2017,J51-17-02 (国),中国疾病预防控制中心（传染病预防控制）,王宇,010-67779152,全国血吸虫病诊断网络平台运行管理培训会议,许静,021-54650863,"2017-08-20-2017-08-22
		3.0天",湖南岳阳市,6分,相关专业的继续教育对象,60,
2017,J51-17-03 (国),中国疾病预防控制中心（传染病预防控制）,王宇,010-58900301,美沙酮门诊干预技能及管理培训,曹晓斌,010-58900950,"2017-04-17-2017-04-19
		3.0天/期
		
		
查看多期举办时间地点",宁夏银川市,6分/期,相关专业的继续教育对象,50/期,
2017,J51-17-04 (国),中国疾病预防控制中心（传染病预防控制）,王宇,010-58900301,美沙酮维持治疗门诊专业人员培训,曹晓斌,010-58900950,"2017-07-10-2017-07-19
		10.0天/期
		
		
查看多期举办时间地点",云南昆明市,10分/期,相关专业的继续教育对象,90/期,
2017,J51-17-05 (国),中国疾病预防控制中心（传染病预防控制）,王宇,010-67779152,寄生虫病和热带病临床病例分析培训班,陈家旭,13818574462,"2017-05-25-2017-05-28
		4.0天",江苏镇江市,8分,相关专业的继续教育对象,40,
2017,J51-17-06 (国),中国疾病预防控制中心（传染病预防控制）,王宇,010-67779152,全国病媒生物监测控制技术培训班,刘起勇,010-58900741,"2017-04-17-2017-04-21
		5.0天",北京,10分,相关专业的继续教育对象,120,
2017,J51-17-09 (国),中国疾病预防控制中心（传染病预防控制）,王宇,010-67779152,流行病学应用与实践系列培训,么鸿雁,010-58900522,"2017-05-09-2017-05-12
		4.0天",浙江杭州市,8分,相关专业的继续教育对象,45,
2017,J51-17-10 (国),中国疾病预防控制中心（传染病预防控制）,王宇,010-67779152,第六届全国重要病媒生物抗药性监测与控制技术培训,刘起勇,010-58900738,"2017-04-12-2017-04-16
		5.0天/期
		
		
查看多期举办时间地点",北京,10分/期,相关专业的继续教育对象,35/期,
2017,J51-17-11 (国),中国疾病预防控制中心（传染病预防控制）,王宇,010-67779152,英文科技论文写作培训班,周晓农,021-64738058,"2017-06-29-2017-06-30
		2.0天",上海,4分,相关专业的继续教育对象,40,
2017,J52-17-23 (国),天津医科大学附属肿瘤医院（肿瘤学）,郝希山,022-23537796,全国肿瘤目标营养疗法CNT培训会,王昆,022-23537796,"2017-09-09-2017-09-10
		2.0天",天津,4分,相关专业的继续教育对象,200,
2018,J13-18-21 (国),中国医学科学院肿瘤医院,孙燕,010-87787409,城市高危人群癌症筛查和早诊早治技术全国培训班,代敏,010-87787394,"2018-11-02-2018-11-03
		2.0天",北京,4分,城市癌症早诊早治项目中18个省份的现场工作人员,150,
2018,J13-18-22 (国),中国医学科学院肿瘤医院,孙燕,010-87787409,中国城市居民肿瘤防治健康素养研讨会,石菊芳,010-87787396,"2018-06-01-2018-06-01
		1.0天",北京,2分,国家重大公卫服务项目城市癌症早诊早治项目覆盖的18个省份现场骨干,60,
2018,J13-18-23 (国),中国医学科学院肿瘤医院,孙燕,010-87787409,国际肿瘤防控学术研讨会,代敏,010-87787394,"2018-10-21-2018-10-22
		2.0天",北京,4分,各级医院、疾控中心从事肿瘤防控的医生/科研人员,600,
2018,J13-18-31 (国),中国医学科学院肿瘤医院,孙燕,010-87787409,第二届全国防癌新技术及进展学习班,张凯,87787327,"2018-04-28-2018-04-29
		2.0天",北京,4分,各级体检机构及相关的继续教育对象,700,
2018,J13-18-32 (国),中国医学科学院肿瘤医院,孙燕,010-87787409,肿瘤登记技术与方法培训班,陈万青,87787039,"2018-04-20-2018-04-22
		3.0天",北京,6分,各省肿瘤登记处负责人及工作人员,150,
2018,J13-18-33 (国),中国医学科学院肿瘤医院,孙燕,010-87787409,淮河流域早诊早治技术培训,陈万青,87787039,"2018-08-23-2018-08-25
		3.0天",北京,6分,早诊早治项目点专业人员,150,
2018,J13-18-37 (国),中国医学科学院肿瘤医院,孙燕,010-87787409,子宫颈癌预防与控制新进展,乔友林,87788489,"2018-04-01-2018-04-02
		2.0天/期
		
		
查看多期举办时间地点",北京,4分/期,从事宫颈癌防治的 医务工作者,200/期,
2018,J13-18-38 (国),中国医学科学院肿瘤医院,孙燕,010-87787409,全国肿瘤预防与控制实践培训班,乔友林,87788489,"2018-07-22-2018-07-24
		2.5天/期
		
		
查看多期举办时间地点",四川成都市,5分/期,从事肿瘤防治医务工作者,200/期,
2018,J13-18-39 (国),中国医学科学院肿瘤医院,孙燕,010-87787409,“一带一路国家”肿瘤预防 与控制人才高级培训班（英文）,赵方辉,010-87788977,"2018-09-15-2018-09-19
		5.0天/期
		
		
查看多期举办时间地点",北京,10分/期,中国和其他“一带一路”国家的临床医生、科研、公共卫生和其他卫生专业人员,50/期,
2018,J13-18-73 (国),中国医学科学院肿瘤医院,孙燕,010-87787409,宫颈癌一级预防培训班,赵方辉,010-87788977,"2018-06-25-2018-06-25
		1.0天/期
		
		
查看多期举办时间地点",北京,2分/期,从事肿瘤防治和疫苗接种的医务工作者,200/期,
2018,J51-18-03 (国),中国疾病预防控制中心（传染病预防控制）,高福,010-58900359,戒毒药物维持治疗门诊综合干预及管理技能培训,曹晓斌,010-58900950,"2018-05-16-2018-05-18
		3.0天/期
		
		
查看多期举办时间地点",甘肃兰州市,6分/期,相关专业的继续教育对象,50/期,
2018,J51-18-04 (国),中国疾病预防控制中心（传染病预防控制）,高福,010-58900359,戒毒药物维持治疗门诊专业技能培训,曹晓斌,010-58900950,"2018-05-14-2018-05-23
		10.0天/期
		
		
查看多期举办时间地点",云南昆明市,10分/期,相关专业的继续教育对象,60/期,
2018,J51-18-05 (国),中国疾病预防控制中心（传染病预防控制）,高福,010-58900359,诺如病毒暴发监测检测技术培训班,段招军,1058900898,"2018-09-18-2018-09-20
		3.0天",北京,6分,相关专业的继续教育对象,120,
2018,J51-18-07 (国),中国疾病预防控制中心（传染病预防控制）,高福,010-58900359,2018年全国狂犬病实验室监测与检测技术培训班,朱武洋,010-58900896,"2018-07-25-2018-07-29
		5.0天",北京,10分,相关专业的继续教育对象,40,
2018,J51-18-08 (国),中国疾病预防控制中心（传染病预防控制）,高福,010-58900359,全国肝吸虫病和土源性线虫病监测技术研讨班,陈颖丹,2164739075,"2018-05-29-2018-05-30
		2.0天",湖北武汉市,4分,相关专业的继续教育对象,62,
2018,J51-18-09 (国),中国疾病预防控制中心（传染病预防控制）,高福,010-58900359,登革热媒介伊蚊应急监测与控制技术培训,刘起勇,010-58900738,"2018-04-09-2018-04-13
		5.0天",云南,10分,相关专业的继续教育对象,120,
2018,J51-18-10 (国),中国疾病预防控制中心（传染病预防控制）,高福,010-58900359,全国病媒生物监测与控制技术培训——鼠类分类鉴定技术培训班,刘起勇,010-58900741,"2018-04-01-2018-04-05
		5.0天",山东烟台市,10分,相关专业的继续教育对象,180,
2018,J51-18-13 (国),中国疾病预防控制中心（传染病预防控制）,高福,010-58900359,英文医学科技论文写作精品培训班,周晓农,021-64738058,"2018-06-22-2018-06-24
		2.5天",上海,5分,相关专业的继续教育对象,20,
2018,J51-18-14 (国),中国疾病预防控制中心（传染病预防控制）,高福,010-58900359,全国血吸虫病诊断网络平台运行管理培训班,许静,021-54650863,"2018-08-17-2018-08-19
		3.0天",湖南岳阳市,6分,相关专业的继续教育对象,65,
2018,J51-18-15 (国),中国疾病预防控制中心（传染病预防控制）,高福,010-58900359,流行病学应用与实践系列培训,么鸿雁,010-58900523,"2018-05-15-2018-05-18
		4.0天",广东深圳市,8分,相关专业的继续教育对象,45,
2018,J51-18-17 (国),中国疾病预防控制中心（传染病预防控制）,高福,010-58900359,新发病毒的血清与T细胞免疫检测/监测技术培训班,刘军,010-58900862,"2018-08-22-2018-08-24
		3.0天",北京,6分,相关专业的继续教育对象,80,
2018,J51-18-18 (国),中国疾病预防控制中心（传染病预防控制）,高福,010-58900359,非洲重要出血热病毒检测/监测与研究培训班,刘军,010-58900862,"2018-07-11-2018-07-13
		3.0天",广东深圳市,6分,相关专业的继续教育对象,120,
2018,J51-18-19 (国),中国疾病预防控制中心（传染病预防控制）,高福,010-58900359,全国乙脑和流脑、百日咳等疫苗可预防细菌性疾病监测培训班,李艺星,83159521,"2018-05-16-2018-05-17
		2.0天",内蒙古呼和浩特市,4分,相关专业的继续教育对象,70,
2019,J13-19-06 (国),中国医学科学院肿瘤医院,高树庚,010-87788177，13801185056,全国肿瘤预防与控制实践培训班,乔友林,010-87788489,"2019-07-19-2019-07-21
		2.5天/期
		
		
查看多期举办时间地点",新疆乌鲁木齐市,5分/期,相关专业的继续教育对象,200/期,
2019,J13-19-13 (国),中国医学科学院肿瘤医院,高树庚,010-87788177，13801185056,子宫颈癌预防与控制新进展,乔友林,010-87788489,"2019-04-27-2019-04-28
		2.0天",北京,4分,从事宫颈癌防治的医务工作者,200,
2019,J13-19-14 (国),中国医学科学院肿瘤医院,高树庚,010-87788177，13801185056,宫颈癌一级预防培训班,赵方辉,010-87788977,"2019-05-15-2019-05-15
		1.0天/期
		
		
查看多期举办时间地点",北京,2分/期,从事肿瘤防治和疫苗接种的医务工作者,200/期,
2019,J13-19-37 (国),中国医学科学院肿瘤医院,高树庚,010-87788177，13801185056,城市高危人群癌症筛查和早诊早治技术全国培训班,陈万青,010-87787039,"2019-11-02-2019-11-03
		2.0天",北京,4分,相关专业的继续教育对象,150,
2019,J13-19-38 (国),中国医学科学院肿瘤医院,高树庚,010-87788177，13801185056,淮河流域癌症筛查和早诊早治技术培训班,陈万青,010-87787039,"2019-08-23-2019-08-25
		3.0天",江苏,6分,相关专业的继续教育对象,150,
2019,J13-19-43 (国),中国医学科学院肿瘤医院,高树庚,010-87788177，13801185056,肿瘤登记技术与方法培训班,魏文强,010-87788661,"2019-05-21-2019-05-22
		2.0天",北京,4分,相关专业的继续教育对象,120,
2019,J13-19-44 (国),中国医学科学院肿瘤医院,高树庚,010-87788177，13801185056,2019年恶性肿瘤监测与流行病学研究国际高级研讨会,魏文强,010-87788661,"2019-08-26-2019-08-30
		5.0天",北京,10分,相关专业的继续教育对象,60,
2019,J51-19-01 (国),中国疾病预防控制中心（传染病预防控制）,高福,010-58900359,戒毒药物维持治疗门诊专业技能培训,罗巍,010-58900950,"2019-05-13-2019-05-22
		10.0天/期
		
		
查看多期举办时间地点",云南昆明市,10分/期,相关专业的继续教育对象,60/期,
2019,J51-19-02 (国),中国疾病预防控制中心（传染病预防控制）,高福,010-58900359,戒毒药物维持治疗门诊综合干预及管理技能培训,罗巍,010-58900950,"2019-05-08-2019-05-10
		3.0天/期
		
		
查看多期举办时间地点",重庆,6分/期,相关专业的继续教育对象,50/期,
2019,J51-19-03 (国),中国疾病预防控制中心（传染病预防控制）,高福,010-58900359,国家疟疾镜检能力评估研修班,周水森,13917143679,"2019-05-20-2019-05-24
		5.0天",上海,10分,从事疟疾镜检工作1年级以上人员,12,
2019,J51-19-05 (国),中国疾病预防控制中心（传染病预防控制）,高福,010-58900359,诺如病毒暴发监测检测技术培训班,段招军,010-58900898,"2019-09-17-2019-09-19
		3.0天",北京,6分,相关专业的继续教育对象,120,
2019,J51-19-06 (国),中国疾病预防控制中心（传染病预防控制）,高福,010-58900359,空间流行病学分析方法与应用,李石柱,021-54241570,"2019-05-06-2019-05-08
		3.0天",陕西西安市,6分,相关专业的继续教育对象,40,
2019,J51-19-07 (国),中国疾病预防控制中心（传染病预防控制）,高福,010-58900359,全国血吸虫病诊断网络平台运行管理与检测技术培训班,许静,021-54650863,"2019-10-25-2019-10-27
		3.0天",安徽安庆市,6分,相关专业的继续教育对象,65,
2019,J51-19-09 (国),中国疾病预防控制中心（传染病预防控制）,高福,010-58900359,第七届全国重要病媒生物抗药性监测与控制技术培训,刘起勇,010-58900738,"2019-05-24-2019-05-28
		5.0天",北京,10分,媒介监测与控制专业技术人员,120,
2019,J51-19-10 (国),中国疾病预防控制中心（传染病预防控制）,高福,010-58900359,英文论文写作培训班,周晓农,021-64738058,"2019-07-10-2019-07-12
		2.5天",上海,5分,相关专业的继续教育对象,30,
2019,J51-19-11 (国),中国疾病预防控制中心（传染病预防控制）,高福,010-58900359,全国土源性线虫病和肝吸虫病监测体系研讨班,陈颖丹,021-64739075,"2019-06-12-2019-06-13
		2.0天",湖北武汉市,4分,相关专业的继续教育对象,70,
2019,J51-19-12 (国),中国疾病预防控制中心（传染病预防控制）,高福,010-58900359,流行病学应用与实践系列培训,么鸿雁,010-58900523,"2019-06-03-2019-06-06
		4.0天",四川成都市,8分,相关专业的继续教育对象,45,
2019,J51-19-15 (国),中国疾病预防控制中心（传染病预防控制）,高福,010-58900359,发热伴出疹症候群检测监测技术培训班,崔爱利,010-58900188,"2019-09-25-2019-09-27
		3.0天",北京,6分,相关专业的继续教育对象,60,
2019,J51-19-16 (国),中国疾病预防控制中心（传染病预防控制）,高福,010-58900359,全国包虫病监测技术培训班,伍卫平,13818689979,"2019-04-29-2019-04-30
		2.0天",四川成都市,4分,相关专业的继续教育对象,40,
2019,J51-19-17 (国),中国疾病预防控制中心（传染病预防控制）,高福,010-58900359,全国包虫病防治技术培训班,伍卫平,13818689979,"2019-07-29-2019-07-30
		2.0天",陕西西安市,4分,相关专业的继续教育对象,40,
2019,J51-19-18 (国),中国疾病预防控制中心（传染病预防控制）,高福,010-58900359,新发与再发病毒的抗体与T细胞免疫检测/监测技术培训班,刘军,010-58900862,"2019-09-18-2019-09-20
		3.0天",北京,6分,相关专业的继续教育对象,80,
2020,J13-20-25 (国),中国医学科学院肿瘤医院,高树庚,010-87788177,子宫颈癌预防与控制新进展,赵方辉,010-87788977,"2020-04-25-2020-04-26
		2.0天",北京,4分,从事宫颈癌防治的 医务工作者,200,
2020,J13-20-45 (国),中国医学科学院肿瘤医院,高树庚,010-87788177,第六届肿瘤专科医院病案信息管理新进展学习班,樊美娜,13681273155,"2020-08-15-2020-08-18
		4.0天",广东深圳市,8分,病案、统计、信息、医务科、医院管理等,100,
2020,J13-20-49 (国),中国医学科学院肿瘤医院,高树庚,010-87788177,癌症筛查与早诊早治技术推广培训班,陈万青,010-877877039,"2020-06-18-2020-06-19
		2.0天",河南郑州市,4分,城市癌症早诊早治项目和淮河流域癌症早诊早治项目中26个省份的现场工作人员,150,
2020,J35-20-13 (国),重庆医科大学附属儿童医院,李秋,023-63603929,临床研究设计与统计分析方法深度学习培训班,梁小华,17815183289,"2020-04-22-2020-04-25
		4.0天",重庆,8分,相关专业的继续教育对象,180,
2020,J51-20-01 (国),中国疾病预防控制中心（传染病预防控制）,高福,010-58900359,全国肝吸虫病和土源性线虫病监测体系研讨班,陈颖丹,021-64739075,"2020-08-02-2020-08-03
		2.0天",辽宁沈阳市,4分,相关专业的继续教育对象,70,
2020,J51-20-03 (国),中国疾病预防控制中心（传染病预防控制）,高福,010-58900359,全国诺如病毒暴发监测检测技术培训班,段招军,010-58900898,"2020-06-16-2020-06-18
		3.0天",湖南长沙市,6分,相关专业的继续教育对象,120,
2020,J51-20-04 (国),中国疾病预防控制中心（传染病预防控制）,高福,010-58900359,全国血吸虫病诊断网络平台运行管理暨检测技术培训班,许静,021-54650863,"2020-08-20-2020-08-22
		2.5天",湖南岳阳市,5分,相关专业的继续教育对象,60,
2020,J51-20-09 (国),中国疾病预防控制中心（传染病预防控制）,高福,010-58900359,戒毒药物维持治疗门诊专业技能培训,曹晓斌,010-58900950,"2020-06-08-2020-06-17
		10.0天/期
		
		
查看多期举办时间地点",云南昆明市,10分/期,相关专业的继续教育对象,60/期,
2020,J51-20-10 (国),中国疾病预防控制中心（传染病预防控制）,高福,010-58900359,戒毒药物维持治疗门诊综合干预及管理技能培训,曹晓斌,010-58900950,"2020-07-21-2020-07-23
		3.0天/期
		
		
查看多期举办时间地点",宁夏银川市,6分/期,相关专业的继续教育对象,50/期,
2020,J51-20-11 (国),中国疾病预防控制中心（传染病预防控制）,高福,010-58900359,空间流行病学分析方法与应用,李石柱,021-54241570,"2020-09-12-2020-09-14
		3.0天",湖北武汉市,6分,相关专业的继续教育对象,55,
2020,J51-20-12 (国),中国疾病预防控制中心（传染病预防控制）,高福,010-58900359,英文医学论文写作,周晓农,021-64738058,"2020-06-15-2020-06-17
		2.5天",上海,5分,相关专业的继续教育对象,30,
2020,J51-20-14 (国),中国疾病预防控制中心（传染病预防控制）,高福,010-58900359,全国病毒性出血热理论与实验室技术 培训班,李建东,010-58900824,"2020-10-19-2020-10-20
		2.0天",北京,4分,相关专业的继续教育对象,62,
2020,J51-20-15 (国),中国疾病预防控制中心（传染病预防控制）,高福,010-58900359,医防结合病原菌鉴定和分型技术培训班,周海健,010-58900784,"2020-09-21-2020-09-25
		5.0天",北京,10分,相关专业的继续教育对象,50,
2020,J51-20-17 (国),中国疾病预防控制中心（传染病预防控制）,高福,010-58900359,病原菌药物敏感性检测质量控制与管理培训班,李娟,010-58900766,"2020-05-11-2020-05-15
		5.0天",山东济南市,10分,相关专业的继续教育对象,50,
2020,J51-20-18 (国),中国疾病预防控制中心（传染病预防控制）,高福,010-58900359,流感与禽流感监测资料分析利用能力培训,王大燕,010-58900850,"2020-10-13-2020-10-14
		2.0天",陕西西安市,4分,相关专业的继续教育对象,200,
2020,J51-20-19 (国),中国疾病预防控制中心（传染病预防控制）,高福,010-58900359,高通量测序技术在病原菌检测和监测领域应用新技术培训班,张雯,010-61739446,"2020-10-10-2020-10-12
		3.0天",北京,6分,相关专业的继续教育对象,50,
2020,J51-20-20 (国),中国疾病预防控制中心（传染病预防控制）,高福,010-58900359,流行病学应用与实践系列培训,么鸿雁,010-58900523,"2020-07-14-2020-07-17
		4.0天",海南海口市,8分,相关专业的继续教育对象,45,
2020,J51-20-22 (国),中国疾病预防控制中心（传染病预防控制）,高福,010-58900359,医学论文写作系列培训,唐浏英,010-63530971,"2020-07-18-2020-07-19
		2.0天",山东济南市,4分,相关专业的继续教育对象,100,
2020,J51-20-23 (国),中国疾病预防控制中心（传染病预防控制）,高福,010-58900359,《全国血吸虫病监测方案》（2020版）培训班,许静,021-54650863,"2020-04-01-2020-04-03
		2.5天",上海,5分,相关专业的继续教育对象,60,
2020,J52-20-11 (国),天津医科大学附属肿瘤医院（肿瘤学）,郝希山,022-23537796,营养治疗培训项目,王昆,022-23537796,"2020-10-23-2020-10-24
		2.0天",天津,4分,相关专业技术人员,170,
2021,J13-21-18 (国),中国医学科学院肿瘤医院,高树庚,010-87788177，13801185056,淮河流域早诊早治技术培训,陈万青,010-87787039,"2021-05-20-2021-05-21
		2.0天",河南郑州市,4分,淮河流域癌症早诊早治项目中4个省份的现场工作人员,150,
2021,J13-21-19 (国),中国医学科学院肿瘤医院,高树庚,010-87788177，13801185056,城市高危人群癌症筛查和早诊早治技术全国培训班,陈万青,010-87787039,"2021-06-07-2021-06-08
		2.0天",广东深圳市,4分,城市癌症早诊早治项目中26个省份的现场工作人员,300,
2021,J13-21-40 (国),中国医学科学院肿瘤医院,高树庚,010-87788177，13801185056,全国肿瘤预防与控制实践培训班,乔友林,010-87788489,"2021-05-07-2021-05-08
		2.0天/期
		
		
查看多期举办时间地点",四川成都市,4分/期,相关专业的继续教育对象,100/期,
2021,J13-21-41 (国),中国医学科学院肿瘤医院,高树庚,010-87788177，13801185056,中国子宫颈癌防治研究进展学术研讨会,赵方辉,010-87788977,"2021-04-24-2021-04-25
		2.0天",北京,4分,相关专业的继续教育对象,200,
2021,J35-21-27 (国),重庆医科大学附属儿童医院,李秋,023-63603929,临床研究设计与统计分析方法深度学习班,梁小华,17815183289,"2021-04-23-2021-04-24
		2.0天",重庆,4分,相关专业的继续教育对象,180,
2021,J51-21-01 (国),中国疾病预防控制中心（传染病预防控制）,高福,010-58900359,新发与再发病毒的抗体与T细胞免疫检测/监测技术培训班,刘军,010-63516568,"2021-09-13-2021-09-15
		3.0天",北京,6分,相关专业的继续教育对象,80,
2021,J51-21-02 (国),中国疾病预防控制中心（传染病预防控制）,高福,010-58900359,戒毒药物维持治疗门诊专业技能培训,罗巍,010-58900950,"2021-06-07-2021-06-16
		10.0天/期
		
		
查看多期举办时间地点",云南昆明市,10分/期,相关专业的继续教育对象,30/期,
2021,J51-21-03 (国),中国疾病预防控制中心（传染病预防控制）,高福,010-58900359,戒毒药物维持治疗门诊综合干预及管理技能培训,罗巍,010-58900950,"2021-07-19-2021-07-21
		3.0天/期
		
		
查看多期举办时间地点",陕西西安市,6分/期,相关专业的继续教育对象,30/期,
2021,J51-21-04 (国),中国疾病预防控制中心（传染病预防控制）,高福,010-58900359,布鲁氏菌病现场快速检测新技术培训班,姜海,010-58900767,"2021-07-16-2021-07-18
		3.0天/期
		
		
查看多期举办时间地点",内蒙古赤峰市,6分/期,相关专业的继续教育对象,100/期,
2021,J51-21-06 (国),中国疾病预防控制中心（传染病预防控制）,高福,010-58900359,第八届全国重要病媒生物抗药性监测与控制技术培训,刘起勇,010-58900738,"2021-04-12-2021-04-16
		5.0天",北京,10分,相关专业的继续教育对象,120,
2021,J51-21-07 (国),中国疾病预防控制中心（传染病预防控制）,高福,010-58900359,流行病学应用与实践系列培训,么鸿雁,010-58900524,"2021-07-13-2021-07-16
		4.0天",四川成都市,8分,相关专业的继续教育对象,45,
2021,J51-21-08 (国),中国疾病预防控制中心（传染病预防控制）,高福,010-58900359,医学论文写作系列培训,唐浏英,010-63530971,"2021-07-05-2021-07-06
		2.0天",江苏泰州市,4分,相关专业的继续教育对象,100,
2021,J51-21-09 (国),中国疾病预防控制中心（传染病预防控制）,高福,010-58900359,重点寄生虫病控制技术研讨班,陈颖丹,021-64739075,"2021-08-11-2021-08-13
		3.0天",黑龙江哈尔滨市,6分,相关专业的继续教育对象,70,
2021,J51-21-10 (国),中国疾病预防控制中心（传染病预防控制）,高福,010-58900359,空间流行病学分析方法与应用,李石柱,021-54241570,"2021-10-19-2021-10-21
		3.0天",海南海口市,6分,相关专业的继续教育对象,65,
2021,J51-21-11 (国),中国疾病预防控制中心（传染病预防控制）,高福,010-58900359,国家疟疾镜检能力评估师资培训班,夏志贵,13901953298,"2021-09-07-2021-09-13
		7.0天",上海,10分,相关专业的继续教育对象,25,
2021,J51-21-15 (国),中国疾病预防控制中心（传染病预防控制）,高福,010-58900359,英文医学论文写作培训班,周晓农,021-64738058,"2021-07-22-2021-07-23
		2.0天",上海,4分,相关专业的继续教育对象,12,
2021,J51-21-16 (国),中国疾病预防控制中心（传染病预防控制）,高福,010-58900359,全国血吸虫病诊断网络平台运行管理培训班,许静,021-54650863,"2021-08-02-2021-08-03
		2.0天",江西南昌市,4分,相关专业的继续教育对象,50,
2021,J51-21-17 (国),中国疾病预防控制中心（传染病预防控制）,高福,010-58900359,全国病毒性出血热理论与实验室检测技术培训班,李建东,010-58900825,"2021-10-28-2021-10-29
		2.0天",北京,4分,相关专业的继续教育对象,64,
2021,J51-21-18 (国),中国疾病预防控制中心（传染病预防控制）,高福,010-58900359,公共卫生援外师资培训,王多全,021-54593271,"2021-04-15-2021-04-18
		4.0天",云南普洱,8分,相关专业的继续教育对象,40,
2021,J51-21-19 (国),中国疾病预防控制中心（传染病预防控制）,高福,010-58900359,全国血吸虫病监测培训班,吕山,021-64662182,"2021-04-06-2021-04-07
		2.0天",上海,4分,相关专业的继续教育对象,30,
2021,J51-21-20 (国),中国疾病预防控制中心（传染病预防控制）,高福,010-58900359,病原菌药物敏感性检测质量控制与管理培训班,李娟,010-58900766,"2021-10-25-2021-10-29
		5.0天",北京,10分,相关专业的继续教育对象,55,
2022,J13-22-18 (国),中国医学科学院肿瘤医院,高树庚,010-87788177，13801185056,城市高危人群癌症筛查和早诊早治技术全国培训班,陈万青,010-87787039,"2022-06-07-2022-06-08
		2.0天",广东深圳市,4分,相关专业的继续教育对象,300,
2022,J13-22-19 (国),中国医学科学院肿瘤医院,高树庚,010-87788177，13801185056,淮河流域早诊早治技术培训,陈万青,010-87788662,"2022-05-20-2022-05-21
		2.0天",河南郑州市,4分,相关专业的继续教育对象,150,
2022,J13-22-20 (国),中国医学科学院肿瘤医院,高树庚,010-87788177，13801185056,第二届肿瘤疾病编码、分组与绩效管理研讨班,魏文强,010-13011880657,"2022-04-01-2022-04-02
		2.0天",北京,4分,相关专业的继续教育对象,100,
2022,J13-22-21 (国),中国医学科学院肿瘤医院,高树庚,010-87788177，13801185056,肿瘤专科医院病案信息管理新进展学习班,樊美娜,13681273155,"2022-07-20-2022-07-23
		4.0天",广东深圳市,8分,相关专业的继续教育对象,100,
2022,J13-22-38 (国),中国医学科学院肿瘤医院,高树庚,010-87788177，13801185056,全国肿瘤预防与控制实践培训班,赵方辉,010-87788489,"2022-05-07-2022-05-08
		2.0天/期
		
		
查看多期举办时间地点",四川成都市,4分/期,相关专业的继续教育对象,100/期,
2022,J13-22-39 (国),中国医学科学院肿瘤医院,高树庚,010-87788177，13801185056,中国子宫颈癌防治研究进展学术研讨会,赵方辉,010-87788977,"2022-04-23-2022-04-24
		2.0天",北京,4分,相关专业的继续教育对象,200,
2022,J13-22-43 (国),中国医学科学院肿瘤医院,高树庚,010-87788177，13801185056,癌症一级预防基层推广实施技术培训,张亚玮,010-87788012,"2022-04-11-2022-04-12
		2.0天/期
		
		
查看多期举办时间地点",北京,4分/期,疾病预防控制中心、社区卫生服务中心以及社区卫生服务站健康服务从业人员,120/期,
2022,J13-22-46 (国),中国医学科学院肿瘤医院,高树庚,010-87788177，13801185056,肿瘤临床大数据真实世界研究方法学培训,张亚玮,010-87788012,"2022-05-29-2022-05-31
		3.0天/期
		
		
查看多期举办时间地点",北京,6分/期,肿瘤流行病科研工作者、临床医生,100/期,
2022,J13-22-47 (国),中国医学科学院肿瘤医院,高树庚,010-87788177，13801185056,肿瘤登记技术与方法培训班,魏文强,010-87788661,"2022-09-19-2022-09-20
		2.0天",北京,4分,相关专业的继续教育对象,120,
2022,J35-22-67 (国),重庆医科大学附属儿童医院,李秋,023-63603929,临床研究设计与统计分析方法深度学习班,罗顺清,13608390231,"2022-06-24-2022-06-25
		2.0天",重庆,4分,相关专业的继续教育对象,180,
2022,J51-22-01 (国),中国疾病预防控制中心（传染病预防控制）,高福,010-58900359,病原菌药物敏感性检测质量与管理培训班,李娟,010-58900766,"2022-04-12-2022-04-14
		3.0天",浙江杭州市,6分,相关专业的继续教育对象,80,
2022,J51-22-06 (国),中国疾病预防控制中心（传染病预防控制）,高福,010-58900359,戒毒药物维持治疗门诊综合干预及管理技能培训,罗巍,010-58900950,"2022-07-12-2022-07-14
		3.0天/期
		
		
查看多期举办时间地点",陕西西安市,6分/期,相关专业的继续教育对象,30/期,
2022,J51-22-07 (国),中国疾病预防控制中心（传染病预防控制）,高福,010-58900359,戒毒药物维持治疗门诊专业技能培训,罗巍,010-58900950,"2022-06-13-2022-06-17
		5.0天/期
		
		
查看多期举办时间地点",云南昆明市,10分/期,相关专业的继续教育对象,30/期,
2022,J51-22-08 (国),中国疾病预防控制中心（传染病预防控制）,高福,010-58900359,中非疟疾防控合作项目可持续发展师资培训班,王多全,021-54593271,"2022-04-05-2022-04-08
		4.0天",云南普洱市,8分,相关专业的继续教育对象,50,
2022,J51-22-10 (国),中国疾病预防控制中心（传染病预防控制）,高福,010-58900359,空间流行病学分析方法与应用,李石柱,021-54241570,"2022-10-19-2022-10-21
		3.0天",海南海口市,6分,相关专业的继续教育对象,65,
2022,J51-22-11 (国),中国疾病预防控制中心（传染病预防控制）,高福,010-58900359,主要寄生虫病防控技术培训班,郑彬,18616529216,"2022-08-22-2022-08-24
		3.0天",上海,6分,相关专业的继续教育对象,40,
2022,J51-22-14 (国),中国疾病预防控制中心（传染病预防控制）,高福,010-58900359,布鲁氏菌病现场快速检测新技术培训班,姜海,010-58900768,"2022-07-16-2022-07-18
		3.0天/期
		
		
查看多期举办时间地点",内蒙古鄂尔多斯,6分/期,相关专业的继续教育对象,100/期,
2022,J51-22-17 (国),中国疾病预防控制中心（传染病预防控制）,高福,010-58900359,流行病学应用与实践系列培训,么鸿雁,010-58900523,"2022-07-12-2022-07-15
		4.0天",四川成都市,8分,相关专业的继续教育对象,60,
2022,J51-22-18 (国),中国疾病预防控制中心（传染病预防控制）,高福,010-58900359,WHO/TDR《实施性研究：贫困所致传染病》课程,官亚宜,021-54593271,"2022-04-01-2022-04-06
		6.0天/期
		
		
查看多期举办时间地点",上海,10分/期,相关专业的继续教育对象,300/期,
2022,J51-22-19 (国),中国疾病预防控制中心（传染病预防控制）,高福,010-58900359,医学论文写作培训,唐浏英,010-63530971,"2022-07-15-2022-07-16
		2.0天",山东济南市,4分,相关专业的继续教育对象,150,
2022,J51-22-20 (国),中国疾病预防控制中心（传染病预防控制）,高福,010-58900359,全国血吸虫病诊断网络平台运行管理与检测技术培训班,许静,021-54650863,"2022-05-14-2022-05-16
		2.5天",湖南岳阳市,5分,相关专业的继续教育对象,70,
2022,J51-22-22 (国),中国疾病预防控制中心（传染病预防控制）,高福,021-54593271,中非卫生合作血吸虫病信息技术与疾病监测训练营,李石柱,021-54593271,"2022-07-07-2022-07-11
		5.0天",新疆喀什市,10分,国内血吸虫病监测、信息技术等相关专业人员,50,
2022,J51-22-26 (国),中国疾病预防控制中心（传染病预防控制）,高福,010-58900359,寄生虫病健康教育作品评价体系研讨班,钱门宝,021-64739075,"2022-06-13-2022-06-14
		2.0天",海南海口市,4分,相关专业的继续教育对象,70,
2022,J51-22-30 (国),中国疾病预防控制中心（传染病预防控制）,高福,010-58900359,大数据分析技术培训,豆智慧,010-58900518,"2022-08-12-2022-08-16
		5.0天",山东济南市,10分,相关专业的继续教育对象,53,
2022,J51-22-32 (国),中国疾病预防控制中心（传染病预防控制）,高福,010-58900359,全国病毒性出血热理论与实验室检测技术培训班,李建东,010-58900824,"2022-10-26-2022-10-27
		2.0天",北京,4分,相关专业的继续教育对象,80,
2022,J52-22-12 (国),天津医科大学附属肿瘤医院（肿瘤学）,郝希山,022-23537796,肿瘤营养治疗进展培训,王昆,022-23537796,"2022-10-29-2022-10-30
		1.5天",天津,3分,相关专业的继续教育对象,200,
2022,J52-22-13 (国),天津医科大学附属肿瘤医院（肿瘤学）,郝希山,022-23537796,常见恶性肿瘤的规范化筛查与研究进展,刘俊田,022-23537796,"2022-10-29-2022-10-29
		1.0天",天津,2分,相关专业的继续教育对象,80,
